Panel,Metric,Details,Value
Overall Stats,,,
Overall,Total Rows Loaded,,287865
Overall,DeepFlex Overall Mean MAE,,0.1352
Overall,DeepFlex Overall Median MAE,,0.0779
Overall,ESM-Only Overall Mean MAE,,0.1725
Overall,ESM-Only Overall Median MAE,,0.1239
Overall,VoxelFlex-3D Overall Mean MAE,,0.1913
Overall,VoxelFlex-3D Overall Median MAE,,0.1168
Overall,Rows after MAE calculation (non-NaN),,284000
Overall,Rows after processing,,284000

Panel A: Secondary Structure,,,
Panel A: Secondary Structure,"('mean', 'DeepFlex') MAE",Loop/Other - ???,0.1509
Panel A: Secondary Structure,"('mean', 'DeepFlex') MAE",β-Sheet - ???,0.1085
Panel A: Secondary Structure,"('mean', 'DeepFlex') MAE",α-Helix - ???,0.1284
Panel A: Secondary Structure,"('mean', 'DeepFlex') MAE",Unknown - ???,NaN
Panel A: Secondary Structure,"('mean', 'ESM-Only') MAE",Loop/Other - ???,0.1874
Panel A: Secondary Structure,"('mean', 'ESM-Only') MAE",β-Sheet - ???,0.1547
Panel A: Secondary Structure,"('mean', 'ESM-Only') MAE",α-Helix - ???,0.1662
Panel A: Secondary Structure,"('mean', 'ESM-Only') MAE",Unknown - ???,NaN
Panel A: Secondary Structure,"('mean', 'VoxelFlex-3D') MAE",Loop/Other - ???,0.2148
Panel A: Secondary Structure,"('mean', 'VoxelFlex-3D') MAE",β-Sheet - ???,0.1478
Panel A: Secondary Structure,"('mean', 'VoxelFlex-3D') MAE",α-Helix - ???,0.1888
Panel A: Secondary Structure,"('mean', 'VoxelFlex-3D') MAE",Unknown - ???,NaN
Panel A: Secondary Structure,"('median', 'DeepFlex') MAE",Loop/Other - ???,0.0960
Panel A: Secondary Structure,"('median', 'DeepFlex') MAE",β-Sheet - ???,0.0485
Panel A: Secondary Structure,"('median', 'DeepFlex') MAE",α-Helix - ???,0.0752
Panel A: Secondary Structure,"('median', 'DeepFlex') MAE",Unknown - ???,NaN
Panel A: Secondary Structure,"('median', 'ESM-Only') MAE",Loop/Other - ???,0.1381
Panel A: Secondary Structure,"('median', 'ESM-Only') MAE",β-Sheet - ???,0.1032
Panel A: Secondary Structure,"('median', 'ESM-Only') MAE",α-Helix - ???,0.1210
Panel A: Secondary Structure,"('median', 'ESM-Only') MAE",Unknown - ???,NaN
Panel A: Secondary Structure,"('median', 'VoxelFlex-3D') MAE",Loop/Other - ???,0.1403
Panel A: Secondary Structure,"('median', 'VoxelFlex-3D') MAE",β-Sheet - ???,0.0710
Panel A: Secondary Structure,"('median', 'VoxelFlex-3D') MAE",α-Helix - ???,0.1181
Panel A: Secondary Structure,"('median', 'VoxelFlex-3D') MAE",Unknown - ???,NaN
Panel A: Secondary Structure,"('count', 'DeepFlex') MAE",Loop/Other - ???,116650
Panel A: Secondary Structure,"('count', 'DeepFlex') MAE",β-Sheet - ???,57340
Panel A: Secondary Structure,"('count', 'DeepFlex') MAE",α-Helix - ???,110010
Panel A: Secondary Structure,"('count', 'DeepFlex') MAE",Unknown - ???,0
Panel A: Secondary Structure,"('count', 'ESM-Only') MAE",Loop/Other - ???,116650
Panel A: Secondary Structure,"('count', 'ESM-Only') MAE",β-Sheet - ???,57340
Panel A: Secondary Structure,"('count', 'ESM-Only') MAE",α-Helix - ???,110010
Panel A: Secondary Structure,"('count', 'ESM-Only') MAE",Unknown - ???,0
Panel A: Secondary Structure,"('count', 'VoxelFlex-3D') MAE",Loop/Other - ???,116650
Panel A: Secondary Structure,"('count', 'VoxelFlex-3D') MAE",β-Sheet - ???,57340
Panel A: Secondary Structure,"('count', 'VoxelFlex-3D') MAE",α-Helix - ???,110010
Panel A: Secondary Structure,"('count', 'VoxelFlex-3D') MAE",Unknown - ???,0
Panel A: Secondary Structure,Y-axis Limit Bottom,,0
Panel A: Secondary Structure,Y-axis Limit Top,,0.8160

Panel B: Core/Exterior,,,
Panel B: Core/Exterior,"('mean', 'DeepFlex') MAE",Exterior - ???,0.1461
Panel B: Core/Exterior,"('mean', 'DeepFlex') MAE",Core - ???,0.1131
Panel B: Core/Exterior,"('mean', 'DeepFlex') MAE",Unknown - ???,NaN
Panel B: Core/Exterior,"('mean', 'ESM-Only') MAE",Exterior - ???,0.1825
Panel B: Core/Exterior,"('mean', 'ESM-Only') MAE",Core - ???,0.1564
Panel B: Core/Exterior,"('mean', 'ESM-Only') MAE",Unknown - ???,NaN
Panel B: Core/Exterior,"('mean', 'VoxelFlex-3D') MAE",Exterior - ???,0.2116
Panel B: Core/Exterior,"('mean', 'VoxelFlex-3D') MAE",Core - ???,0.1578
Panel B: Core/Exterior,"('mean', 'VoxelFlex-3D') MAE",Unknown - ???,NaN
Panel B: Core/Exterior,"('median', 'DeepFlex') MAE",Exterior - ???,0.0924
Panel B: Core/Exterior,"('median', 'DeepFlex') MAE",Core - ???,0.0554
Panel B: Core/Exterior,"('median', 'DeepFlex') MAE",Unknown - ???,NaN
Panel B: Core/Exterior,"('median', 'ESM-Only') MAE",Exterior - ???,0.1342
Panel B: Core/Exterior,"('median', 'ESM-Only') MAE",Core - ???,0.1085
Panel B: Core/Exterior,"('median', 'ESM-Only') MAE",Unknown - ???,NaN
Panel B: Core/Exterior,"('median', 'VoxelFlex-3D') MAE",Exterior - ???,0.1393
Panel B: Core/Exterior,"('median', 'VoxelFlex-3D') MAE",Core - ???,0.0828
Panel B: Core/Exterior,"('median', 'VoxelFlex-3D') MAE",Unknown - ???,NaN
Panel B: Core/Exterior,"('count', 'DeepFlex') MAE",Exterior - ???,176270
Panel B: Core/Exterior,"('count', 'DeepFlex') MAE",Core - ???,107730
Panel B: Core/Exterior,"('count', 'DeepFlex') MAE",Unknown - ???,0
Panel B: Core/Exterior,"('count', 'ESM-Only') MAE",Exterior - ???,176270
Panel B: Core/Exterior,"('count', 'ESM-Only') MAE",Core - ???,107730
Panel B: Core/Exterior,"('count', 'ESM-Only') MAE",Unknown - ???,0
Panel B: Core/Exterior,"('count', 'VoxelFlex-3D') MAE",Exterior - ???,176270
Panel B: Core/Exterior,"('count', 'VoxelFlex-3D') MAE",Core - ???,107730
Panel B: Core/Exterior,"('count', 'VoxelFlex-3D') MAE",Unknown - ???,0
Panel B: Core/Exterior,Y-axis Limit Bottom,,0
Panel B: Core/Exterior,Y-axis Limit Top,,0.8160

Panel D: Relative Accessibility,,,
Panel D: Relative Accessibility,Mean Actual RMSF Actual RMSF,0.00-0.05,0.3006
Panel D: Relative Accessibility,Mean Actual RMSF Actual RMSF,0.05-0.22,0.4026
Panel D: Relative Accessibility,Mean Actual RMSF Actual RMSF,0.22-0.42,0.4630
Panel D: Relative Accessibility,Mean Actual RMSF Actual RMSF,0.42-0.62,0.5247
Panel D: Relative Accessibility,Mean Actual RMSF Actual RMSF,0.62-1.00,0.6387
Panel D: Relative Accessibility,count Actual RMSF,0.00-0.05,56800
Panel D: Relative Accessibility,count Actual RMSF,0.05-0.22,56800
Panel D: Relative Accessibility,count Actual RMSF,0.22-0.42,56800
Panel D: Relative Accessibility,count Actual RMSF,0.42-0.62,56800
Panel D: Relative Accessibility,count Actual RMSF,0.62-1.00,56800

Panel F: Ramachandran (Mean MAE),,,
Panel F: Ramachandran (Mean MAE),Total Points Plotted,,284000
Panel F: Ramachandran (Mean MAE),Mean MAE,α-Helix,NaN
Panel F: Ramachandran (Mean MAE),Count,α-Helix,101880.0000
Panel F: Ramachandran (Mean MAE),Mean MAE,β-Sheet,NaN
Panel F: Ramachandran (Mean MAE),Count,β-Sheet,38465.0000
Panel F: Ramachandran (Mean MAE),Mean MAE,L-α,NaN
Panel F: Ramachandran (Mean MAE),Count,L-α,5370.0000

Panel G: Amino Acid Performance,,,
Panel G: Amino Acid Performance,"('mean', 'DeepFlex') MAE",ALA - ???,0.1307
Panel G: Amino Acid Performance,"('mean', 'DeepFlex') MAE",ARG - ???,0.1353
Panel G: Amino Acid Performance,"('mean', 'DeepFlex') MAE",ASN - ???,0.1420
Panel G: Amino Acid Performance,"('mean', 'DeepFlex') MAE",ASP - ???,0.1414
Panel G: Amino Acid Performance,"('mean', 'DeepFlex') MAE",CYS - ???,0.1393
Panel G: Amino Acid Performance,"('mean', 'DeepFlex') MAE",GLN - ???,0.1350
Panel G: Amino Acid Performance,"('mean', 'DeepFlex') MAE",GLU - ???,0.1399
Panel G: Amino Acid Performance,"('mean', 'DeepFlex') MAE",GLY - ???,0.1407
Panel G: Amino Acid Performance,"('mean', 'DeepFlex') MAE",HIS - ???,0.1427
Panel G: Amino Acid Performance,"('mean', 'DeepFlex') MAE",ILE - ???,0.1222
Panel G: Amino Acid Performance,"('mean', 'DeepFlex') MAE",LEU - ???,0.1246
Panel G: Amino Acid Performance,"('mean', 'DeepFlex') MAE",LYS - ???,0.1416
Panel G: Amino Acid Performance,"('mean', 'DeepFlex') MAE",MET - ???,0.1230
Panel G: Amino Acid Performance,"('mean', 'DeepFlex') MAE",PHE - ???,0.1243
Panel G: Amino Acid Performance,"('mean', 'DeepFlex') MAE",PRO - ???,0.1383
Panel G: Amino Acid Performance,"('mean', 'DeepFlex') MAE",SER - ???,0.1410
Panel G: Amino Acid Performance,"('mean', 'DeepFlex') MAE",THR - ???,0.1363
Panel G: Amino Acid Performance,"('mean', 'DeepFlex') MAE",TRP - ???,0.1235
Panel G: Amino Acid Performance,"('mean', 'DeepFlex') MAE",TYR - ???,0.1263
Panel G: Amino Acid Performance,"('mean', 'DeepFlex') MAE",VAL - ???,0.1224
Panel G: Amino Acid Performance,"('mean', 'ESM-Only') MAE",ALA - ???,0.1674
Panel G: Amino Acid Performance,"('mean', 'ESM-Only') MAE",ARG - ???,0.1745
Panel G: Amino Acid Performance,"('mean', 'ESM-Only') MAE",ASN - ???,0.1827
Panel G: Amino Acid Performance,"('mean', 'ESM-Only') MAE",ASP - ???,0.1784
Panel G: Amino Acid Performance,"('mean', 'ESM-Only') MAE",CYS - ???,0.1621
Panel G: Amino Acid Performance,"('mean', 'ESM-Only') MAE",GLN - ???,0.1775
Panel G: Amino Acid Performance,"('mean', 'ESM-Only') MAE",GLU - ???,0.1790
Panel G: Amino Acid Performance,"('mean', 'ESM-Only') MAE",GLY - ???,0.1798
Panel G: Amino Acid Performance,"('mean', 'ESM-Only') MAE",HIS - ???,0.1790
Panel G: Amino Acid Performance,"('mean', 'ESM-Only') MAE",ILE - ???,0.1624
Panel G: Amino Acid Performance,"('mean', 'ESM-Only') MAE",LEU - ???,0.1616
Panel G: Amino Acid Performance,"('mean', 'ESM-Only') MAE",LYS - ???,0.1821
Panel G: Amino Acid Performance,"('mean', 'ESM-Only') MAE",MET - ???,0.1670
Panel G: Amino Acid Performance,"('mean', 'ESM-Only') MAE",PHE - ???,0.1634
Panel G: Amino Acid Performance,"('mean', 'ESM-Only') MAE",PRO - ???,0.1753
Panel G: Amino Acid Performance,"('mean', 'ESM-Only') MAE",SER - ???,0.1826
Panel G: Amino Acid Performance,"('mean', 'ESM-Only') MAE",THR - ???,0.1769
Panel G: Amino Acid Performance,"('mean', 'ESM-Only') MAE",TRP - ???,0.1667
Panel G: Amino Acid Performance,"('mean', 'ESM-Only') MAE",TYR - ???,0.1665
Panel G: Amino Acid Performance,"('mean', 'ESM-Only') MAE",VAL - ???,0.1618
Panel G: Amino Acid Performance,"('mean', 'VoxelFlex-3D') MAE",ALA - ???,0.1882
Panel G: Amino Acid Performance,"('mean', 'VoxelFlex-3D') MAE",ARG - ???,0.1941
Panel G: Amino Acid Performance,"('mean', 'VoxelFlex-3D') MAE",ASN - ???,0.2019
Panel G: Amino Acid Performance,"('mean', 'VoxelFlex-3D') MAE",ASP - ???,0.2025
Panel G: Amino Acid Performance,"('mean', 'VoxelFlex-3D') MAE",CYS - ???,0.1781
Panel G: Amino Acid Performance,"('mean', 'VoxelFlex-3D') MAE",GLN - ???,0.2004
Panel G: Amino Acid Performance,"('mean', 'VoxelFlex-3D') MAE",GLU - ???,0.2041
Panel G: Amino Acid Performance,"('mean', 'VoxelFlex-3D') MAE",GLY - ???,0.2039
Panel G: Amino Acid Performance,"('mean', 'VoxelFlex-3D') MAE",HIS - ???,0.2008
Panel G: Amino Acid Performance,"('mean', 'VoxelFlex-3D') MAE",ILE - ???,0.1719
Panel G: Amino Acid Performance,"('mean', 'VoxelFlex-3D') MAE",LEU - ???,0.1755
Panel G: Amino Acid Performance,"('mean', 'VoxelFlex-3D') MAE",LYS - ???,0.2055
Panel G: Amino Acid Performance,"('mean', 'VoxelFlex-3D') MAE",MET - ???,0.1761
Panel G: Amino Acid Performance,"('mean', 'VoxelFlex-3D') MAE",PHE - ???,0.1741
Panel G: Amino Acid Performance,"('mean', 'VoxelFlex-3D') MAE",PRO - ???,0.2012
Panel G: Amino Acid Performance,"('mean', 'VoxelFlex-3D') MAE",SER - ???,0.2052
Panel G: Amino Acid Performance,"('mean', 'VoxelFlex-3D') MAE",THR - ???,0.1942
Panel G: Amino Acid Performance,"('mean', 'VoxelFlex-3D') MAE",TRP - ???,0.1808
Panel G: Amino Acid Performance,"('mean', 'VoxelFlex-3D') MAE",TYR - ???,0.1749
Panel G: Amino Acid Performance,"('mean', 'VoxelFlex-3D') MAE",VAL - ???,0.1728
Panel G: Amino Acid Performance,"('median', 'DeepFlex') MAE",ALA - ???,0.0750
Panel G: Amino Acid Performance,"('median', 'DeepFlex') MAE",ARG - ???,0.0799
Panel G: Amino Acid Performance,"('median', 'DeepFlex') MAE",ASN - ???,0.0846
Panel G: Amino Acid Performance,"('median', 'DeepFlex') MAE",ASP - ???,0.0863
Panel G: Amino Acid Performance,"('median', 'DeepFlex') MAE",CYS - ???,0.0783
Panel G: Amino Acid Performance,"('median', 'DeepFlex') MAE",GLN - ???,0.0805
Panel G: Amino Acid Performance,"('median', 'DeepFlex') MAE",GLU - ???,0.0841
Panel G: Amino Acid Performance,"('median', 'DeepFlex') MAE",GLY - ???,0.0842
Panel G: Amino Acid Performance,"('median', 'DeepFlex') MAE",HIS - ???,0.0843
Panel G: Amino Acid Performance,"('median', 'DeepFlex') MAE",ILE - ???,0.0669
Panel G: Amino Acid Performance,"('median', 'DeepFlex') MAE",LEU - ???,0.0675
Panel G: Amino Acid Performance,"('median', 'DeepFlex') MAE",LYS - ???,0.0844
Panel G: Amino Acid Performance,"('median', 'DeepFlex') MAE",MET - ???,0.0710
Panel G: Amino Acid Performance,"('median', 'DeepFlex') MAE",PHE - ???,0.0687
Panel G: Amino Acid Performance,"('median', 'DeepFlex') MAE",PRO - ???,0.0855
Panel G: Amino Acid Performance,"('median', 'DeepFlex') MAE",SER - ???,0.0829
Panel G: Amino Acid Performance,"('median', 'DeepFlex') MAE",THR - ???,0.0779
Panel G: Amino Acid Performance,"('median', 'DeepFlex') MAE",TRP - ???,0.0669
Panel G: Amino Acid Performance,"('median', 'DeepFlex') MAE",TYR - ???,0.0701
Panel G: Amino Acid Performance,"('median', 'DeepFlex') MAE",VAL - ???,0.0649
Panel G: Amino Acid Performance,"('median', 'ESM-Only') MAE",ALA - ???,0.1206
Panel G: Amino Acid Performance,"('median', 'ESM-Only') MAE",ARG - ???,0.1255
Panel G: Amino Acid Performance,"('median', 'ESM-Only') MAE",ASN - ???,0.1332
Panel G: Amino Acid Performance,"('median', 'ESM-Only') MAE",ASP - ???,0.1288
Panel G: Amino Acid Performance,"('median', 'ESM-Only') MAE",CYS - ???,0.1192
Panel G: Amino Acid Performance,"('median', 'ESM-Only') MAE",GLN - ???,0.1275
Panel G: Amino Acid Performance,"('median', 'ESM-Only') MAE",GLU - ???,0.1289
Panel G: Amino Acid Performance,"('median', 'ESM-Only') MAE",GLY - ???,0.1335
Panel G: Amino Acid Performance,"('median', 'ESM-Only') MAE",HIS - ???,0.1315
Panel G: Amino Acid Performance,"('median', 'ESM-Only') MAE",ILE - ???,0.1126
Panel G: Amino Acid Performance,"('median', 'ESM-Only') MAE",LEU - ???,0.1137
Panel G: Amino Acid Performance,"('median', 'ESM-Only') MAE",LYS - ???,0.1318
Panel G: Amino Acid Performance,"('median', 'ESM-Only') MAE",MET - ???,0.1197
Panel G: Amino Acid Performance,"('median', 'ESM-Only') MAE",PHE - ???,0.1156
Panel G: Amino Acid Performance,"('median', 'ESM-Only') MAE",PRO - ???,0.1298
Panel G: Amino Acid Performance,"('median', 'ESM-Only') MAE",SER - ???,0.1321
Panel G: Amino Acid Performance,"('median', 'ESM-Only') MAE",THR - ???,0.1287
Panel G: Amino Acid Performance,"('median', 'ESM-Only') MAE",TRP - ???,0.1206
Panel G: Amino Acid Performance,"('median', 'ESM-Only') MAE",TYR - ???,0.1164
Panel G: Amino Acid Performance,"('median', 'ESM-Only') MAE",VAL - ???,0.1112
Panel G: Amino Acid Performance,"('median', 'VoxelFlex-3D') MAE",ALA - ???,0.1141
Panel G: Amino Acid Performance,"('median', 'VoxelFlex-3D') MAE",ARG - ???,0.1215
Panel G: Amino Acid Performance,"('median', 'VoxelFlex-3D') MAE",ASN - ???,0.1282
Panel G: Amino Acid Performance,"('median', 'VoxelFlex-3D') MAE",ASP - ???,0.1293
Panel G: Amino Acid Performance,"('median', 'VoxelFlex-3D') MAE",CYS - ???,0.1054
Panel G: Amino Acid Performance,"('median', 'VoxelFlex-3D') MAE",GLN - ???,0.1266
Panel G: Amino Acid Performance,"('median', 'VoxelFlex-3D') MAE",GLU - ???,0.1331
Panel G: Amino Acid Performance,"('median', 'VoxelFlex-3D') MAE",GLY - ???,0.1254
Panel G: Amino Acid Performance,"('median', 'VoxelFlex-3D') MAE",HIS - ???,0.1238
Panel G: Amino Acid Performance,"('median', 'VoxelFlex-3D') MAE",ILE - ???,0.0971
Panel G: Amino Acid Performance,"('median', 'VoxelFlex-3D') MAE",LEU - ???,0.1014
Panel G: Amino Acid Performance,"('median', 'VoxelFlex-3D') MAE",LYS - ???,0.1292
Panel G: Amino Acid Performance,"('median', 'VoxelFlex-3D') MAE",MET - ???,0.1050
Panel G: Amino Acid Performance,"('median', 'VoxelFlex-3D') MAE",PHE - ???,0.1002
Panel G: Amino Acid Performance,"('median', 'VoxelFlex-3D') MAE",PRO - ???,0.1321
Panel G: Amino Acid Performance,"('median', 'VoxelFlex-3D') MAE",SER - ???,0.1265
Panel G: Amino Acid Performance,"('median', 'VoxelFlex-3D') MAE",THR - ???,0.1167
Panel G: Amino Acid Performance,"('median', 'VoxelFlex-3D') MAE",TRP - ???,0.1089
Panel G: Amino Acid Performance,"('median', 'VoxelFlex-3D') MAE",TYR - ???,0.1024
Panel G: Amino Acid Performance,"('median', 'VoxelFlex-3D') MAE",VAL - ???,0.0968
Panel G: Amino Acid Performance,"('count', 'DeepFlex') MAE",ALA - ???,22640
Panel G: Amino Acid Performance,"('count', 'DeepFlex') MAE",ARG - ???,14900
Panel G: Amino Acid Performance,"('count', 'DeepFlex') MAE",ASN - ???,12190
Panel G: Amino Acid Performance,"('count', 'DeepFlex') MAE",ASP - ???,16800
Panel G: Amino Acid Performance,"('count', 'DeepFlex') MAE",CYS - ???,4130
Panel G: Amino Acid Performance,"('count', 'DeepFlex') MAE",GLN - ???,10810
Panel G: Amino Acid Performance,"('count', 'DeepFlex') MAE",GLU - ???,19945
Panel G: Amino Acid Performance,"('count', 'DeepFlex') MAE",GLY - ???,19705
Panel G: Amino Acid Performance,"('count', 'DeepFlex') MAE",HIS - ???,6900
Panel G: Amino Acid Performance,"('count', 'DeepFlex') MAE",ILE - ???,15415
Panel G: Amino Acid Performance,"('count', 'DeepFlex') MAE",LEU - ???,27140
Panel G: Amino Acid Performance,"('count', 'DeepFlex') MAE",LYS - ???,16615
Panel G: Amino Acid Performance,"('count', 'DeepFlex') MAE",MET - ???,5900
Panel G: Amino Acid Performance,"('count', 'DeepFlex') MAE",PHE - ???,11900
Panel G: Amino Acid Performance,"('count', 'DeepFlex') MAE",PRO - ???,12885
Panel G: Amino Acid Performance,"('count', 'DeepFlex') MAE",SER - ???,17475
Panel G: Amino Acid Performance,"('count', 'DeepFlex') MAE",THR - ???,15555
Panel G: Amino Acid Performance,"('count', 'DeepFlex') MAE",TRP - ???,4005
Panel G: Amino Acid Performance,"('count', 'DeepFlex') MAE",TYR - ???,9675
Panel G: Amino Acid Performance,"('count', 'DeepFlex') MAE",VAL - ???,19415
Panel G: Amino Acid Performance,"('count', 'ESM-Only') MAE",ALA - ???,22640
Panel G: Amino Acid Performance,"('count', 'ESM-Only') MAE",ARG - ???,14900
Panel G: Amino Acid Performance,"('count', 'ESM-Only') MAE",ASN - ???,12190
Panel G: Amino Acid Performance,"('count', 'ESM-Only') MAE",ASP - ???,16800
Panel G: Amino Acid Performance,"('count', 'ESM-Only') MAE",CYS - ???,4130
Panel G: Amino Acid Performance,"('count', 'ESM-Only') MAE",GLN - ???,10810
Panel G: Amino Acid Performance,"('count', 'ESM-Only') MAE",GLU - ???,19945
Panel G: Amino Acid Performance,"('count', 'ESM-Only') MAE",GLY - ???,19705
Panel G: Amino Acid Performance,"('count', 'ESM-Only') MAE",HIS - ???,6900
Panel G: Amino Acid Performance,"('count', 'ESM-Only') MAE",ILE - ???,15415
Panel G: Amino Acid Performance,"('count', 'ESM-Only') MAE",LEU - ???,27140
Panel G: Amino Acid Performance,"('count', 'ESM-Only') MAE",LYS - ???,16615
Panel G: Amino Acid Performance,"('count', 'ESM-Only') MAE",MET - ???,5900
Panel G: Amino Acid Performance,"('count', 'ESM-Only') MAE",PHE - ???,11900
Panel G: Amino Acid Performance,"('count', 'ESM-Only') MAE",PRO - ???,12885
Panel G: Amino Acid Performance,"('count', 'ESM-Only') MAE",SER - ???,17475
Panel G: Amino Acid Performance,"('count', 'ESM-Only') MAE",THR - ???,15555
Panel G: Amino Acid Performance,"('count', 'ESM-Only') MAE",TRP - ???,4005
Panel G: Amino Acid Performance,"('count', 'ESM-Only') MAE",TYR - ???,9675
Panel G: Amino Acid Performance,"('count', 'ESM-Only') MAE",VAL - ???,19415
Panel G: Amino Acid Performance,"('count', 'VoxelFlex-3D') MAE",ALA - ???,22640
Panel G: Amino Acid Performance,"('count', 'VoxelFlex-3D') MAE",ARG - ???,14900
Panel G: Amino Acid Performance,"('count', 'VoxelFlex-3D') MAE",ASN - ???,12190
Panel G: Amino Acid Performance,"('count', 'VoxelFlex-3D') MAE",ASP - ???,16800
Panel G: Amino Acid Performance,"('count', 'VoxelFlex-3D') MAE",CYS - ???,4130
Panel G: Amino Acid Performance,"('count', 'VoxelFlex-3D') MAE",GLN - ???,10810
Panel G: Amino Acid Performance,"('count', 'VoxelFlex-3D') MAE",GLU - ???,19945
Panel G: Amino Acid Performance,"('count', 'VoxelFlex-3D') MAE",GLY - ???,19705
Panel G: Amino Acid Performance,"('count', 'VoxelFlex-3D') MAE",HIS - ???,6900
Panel G: Amino Acid Performance,"('count', 'VoxelFlex-3D') MAE",ILE - ???,15415
Panel G: Amino Acid Performance,"('count', 'VoxelFlex-3D') MAE",LEU - ???,27140
Panel G: Amino Acid Performance,"('count', 'VoxelFlex-3D') MAE",LYS - ???,16615
Panel G: Amino Acid Performance,"('count', 'VoxelFlex-3D') MAE",MET - ???,5900
Panel G: Amino Acid Performance,"('count', 'VoxelFlex-3D') MAE",PHE - ???,11900
Panel G: Amino Acid Performance,"('count', 'VoxelFlex-3D') MAE",PRO - ???,12885
Panel G: Amino Acid Performance,"('count', 'VoxelFlex-3D') MAE",SER - ???,17475
Panel G: Amino Acid Performance,"('count', 'VoxelFlex-3D') MAE",THR - ???,15555
Panel G: Amino Acid Performance,"('count', 'VoxelFlex-3D') MAE",TRP - ???,4005
Panel G: Amino Acid Performance,"('count', 'VoxelFlex-3D') MAE",TYR - ???,9675
Panel G: Amino Acid Performance,"('count', 'VoxelFlex-3D') MAE",VAL - ???,19415
Panel G: Amino Acid Performance,AA Order,(Best),ILE; VAL; MET; TRP; PHE; LEU; TYR; ALA; GLN; ARG; THR; PRO; CYS; GLU; GLY; SER; ASP; LYS; ASN; HIS
Panel G: Amino Acid Performance,Top 3 AAs (DeepFlex),,
,,ILE,0.1222
,,VAL,0.1224
,,MET,0.1230
Panel G: Amino Acid Performance,Bottom 3 AAs (DeepFlex),,
,,HIS,0.1427
,,ASN,0.1420
,,LYS,0.1416
Panel G: Amino Acid Performance,Y-axis Limit Bottom,,0.1100
Panel G: Amino Acid Performance,Y-axis Limit Top,,0.2260

